10439,12057,name match
10448,11441,name match
10449,11446,name match
10638,12066,name match
10644,12256,name match
10647,12060,name match
10656,13156,name match
10661,10848,name match
10662,10854,name match
10665,10849,name match
10666,10850,name match
10668,10852,name match
10672,11388,name match
10674,11391,name match
10678,11389,name match
10679,11390,name match
10690,10935,name match
10693,10936,name match
10747,10896,"name match,id number match"
10752,11322,name match
10753,11315,"name match,id number match"
10834,11353,"name match,id number match"
10892,9345,name match
10893,9347,name match
10894,9346,name match
10906,11373,name match
10907,11376,"name match,id number match"
10908,11355,name match
10909,11532,name match
10910,11533,name match
10911,10012,name match
10929,11747,name match
11034,15771,name match
11052,11493,name match
11090,10761,name match
11091,11311,name match
11091,11746,name match
11092,11745,name match
11093,11748,name match
11095,11741,"name match,id number match"
11096,12022,name match
11123,11982,id number match
11125,11443,name match
11126,11442,name match
11136,10490,name match
11137,10492,name match
11138,10495,name match
11139,10493,name match
11140,10494,name match
11143,10489,name match
11147,10491,name match
11148,11198,name match
11153,10858,name match
11200,12941,name match
11205,12128,name match
11206,12129,name match
11207,12127,name match
11209,12030,name match
11222,12956,name match
11232,13153,name match
11234,12057,name match
11236,11786,name match
11270,12148,name match
11276,12326,name match
11277,12321,name match
11278,12322,name match
11279,12328,name match
11282,12212,name match
11283,12220,name match
11284,12219,name match
11285,12213,name match
11286,12312,name match
11287,12313,name match
11580,12477,name match
11581,12478,name match
11582,12481,name match
11634,12562,"name match,id number match"
11635,12610,id number match
11640,12608,name match
11648,12629,id number match
11650,12635,name match
11657,12632,id number match
11658,12634,name match
11659,12633,name match
11711,12685,name match
11743,12669,"name match,id number match"
11778,24590,name match
11779,12945,name match
11780,15552,name match
11784,12057,name match
11785,12251,name match
11788,12257,name match
11796,23471,name match
11901,12722,name match
11906,12812,name match
11909,12725,name match
11910,12740,name match
11934,22259,id number match
11937,22260,id number match
11953,11183,name match
12011,13001,name match
12012,12787,id number match
12017,12745,name match
12018,12746,name match
12021,12599,name match
12024,12738,name match
12029,12824,"name match,id number match"
12030,12823,"name match,id number match"
12032,12206,name match
12037,12598,"name match,id number match"
12050,13112,name match
12054,12813,name match
12152,12744,name match
12153,10890,name match
12156,12924,name match
12182,10483,name match
12189,12253,name match
12195,16646,name match
12202,12255,name match
12203,12847,name match
12204,12915,name match
12205,12930,"name match,id number match"
12206,12929,"name match,id number match"
12208,11177,name match
12222,30743,name match
12234,12555,name match
12255,15564,name match
12274,13106,id number match
12276,13106,id number match
12412,15194,name match
12421,12740,name match
12427,13482,name match
12428,13372,name match
12429,13373,name match
12438,12958,name match
12439,12211,name match
12439,17614,name match
12442,9519,name match
12443,9521,name match
12444,9526,name match
12445,9523,name match
12446,9527,name match
12447,12214,name match
12449,9520,name match
12451,12696,name match
12453,12209,name match
12454,12795,name match
12455,12797,name match
12456,12798,name match
12483,17243,name match
12484,17245,name match
12485,17244,name match
12486,17242,name match
12487,12848,name match
12492,15648,name match
12500,13058,"name match,id number match"
12501,13057,"name match,id number match"
12502,13059,name match
12503,30663,name match
12504,15223,name match
12505,15222,name match
12555,12923,"name match,id number match"
12556,13099,name match
12627,13095,"name match,id number match"
12628,13097,"name match,id number match"
12629,12890,name match
12630,12917,name match
12631,12916,"name match,id number match"
12632,12922,"name match,id number match"
12635,29076,name match
12636,15226,name match
12637,15225,name match
12640,15224,name match
12644,12867,name match
12646,15553,name match
12647,15550,name match
12670,13471,name match
12690,12881,name match
12692,30976,name match
12693,12742,name match
12696,12870,name match
12700,13158,name match
12701,15007,id number match
12702,15008,id number match
12703,15006,name match
12704,15005,name match
12713,17326,name match
12726,30084,name match
12732,15217,name match
12734,13440,name match
12735,13357,name match
12737,13369,name match
12760,15216,name match
12769,15221,name match
12799,16997,name match
12801,16996,name match
12809,15517,"name match,id number match"
12812,15527,name match
12813,15581,id number match
12814,15580,name match
12820,15909,name match
12830,15630,name match
12838,15718,name match
12841,15585,name match
12843,15667,id number match
12847,15666,name match
12859,15610,id number match
12862,15832,name match
12863,15788,id number match
12865,24585,name match
12871,12215,name match
12886,16225,name match
12896,16721,name match
12912,16664,name match
12913,16665,name match
12915,16673,name match
12917,16674,name match
12919,16670,name match
12920,16668,name match
12922,16642,name match
12924,16753,name match
12926,16678,name match
12927,16715,name match
12935,16649,name match
12937,16655,name match
12943,16660,name match
12952,16938,name match
12953,16934,name match
12956,16917,name match
12963,18655,name match
12964,16961,name match
12968,22411,name match
12969,16949,name match
12977,17261,name match
12986,16229,name match
12988,17321,name match
12989,16231,name match
12990,16232,name match
12991,16230,name match
12992,17320,name match
12996,16228,name match
13012,17188,name match
13021,17267,name match
13022,16912,name match
13024,15488,name match
13030,15486,name match
13035,24315,name match
13036,24309,name match
13037,31126,name match
13065,16936,name match
13066,17301,name match
13067,17265,name match
13078,17755,name match
13084,16499,id number match
13088,17189,"name match,id number match"
13089,17185,name match
13093,17123,name match
13097,19030,name match
13099,20282,name match
13100,20272,name match
13124,16708,name match
13126,15692,id number match
13127,15270,"name match,id number match"
13128,17048,name match
13129,12960,"name match,id number match"
13131,16449,"name match,id number match"
13132,17166,name match
13133,15591,"name match,id number match"
13134,15590,name match
13135,17174,"name match,id number match"
13144,16518,name match
13145,16517,name match
13146,16519,name match
13147,17284,name match
13150,18008,name match
13174,19035,name match
13182,18656,name match
13190,17386,name match
13192,17387,"name match,id number match"
13194,17292,"name match,id number match"
13195,17290,"name match,id number match"
13196,17283,"name match,id number match"
13197,17291,"name match,id number match"
13208,23582,name match
13228,21248,name match
13229,20940,name match
13232,18996,name match
13236,22255,name match
13242,17274,"name match,id number match"
13243,17275,"name match,id number match"
13244,17276,"name match,id number match"
13246,17668,name match
13247,17967,id number match
13257,19498,name match
13264,18226,name match
13265,16910,"name match,id number match"
13266,16651,name match
13268,17151,id number match
13269,17150,name match
13271,18427,name match
13272,18428,name match
13273,18429,id number match
13277,17286,id number match
13278,18048,id number match
13279,17285,"name match,id number match"
13280,18047,"name match,id number match"
13285,18629,"name match,id number match"
13288,18630,"name match,id number match"
13290,18633,name match
13291,18637,name match
13292,17282,name match
13294,18589,"name match,id number match"
13295,18594,id number match
13297,18651,name match
13298,18963,"name match,id number match"
13299,18652,id number match
13306,18688,"name match,id number match"
13308,19129,name match
13309,19128,name match
13312,17300,"name match,id number match"
13313,18634,name match
13314,17279,"name match,id number match"
13315,17296,name match
13316,18590,"name match,id number match"
13317,18591,name match
13318,18600,id number match
13319,18603,name match
13320,17280,name match
13321,17294,name match
13323,17299,name match
13325,18557,id number match
13327,18556,id number match
13329,18559,id number match
13332,18558,id number match
13335,18555,id number match
13337,17616,id number match
13339,19492,name match
13342,19493,name match
13343,19530,name match
13344,11018,name match
13345,19100,name match
13347,19769,id number match
13349,19348,id number match
13350,19449,"name match,id number match"
13351,19450,id number match
13352,18620,"name match,id number match"
13353,19448,"name match,id number match"
13354,18621,name match
13376,20239,name match
13377,20240,name match
13378,19930,name match
13379,19929,name match
13390,20923,name match
13391,20922,name match
13392,20920,name match
13394,20924,name match
13395,20969,name match
13398,20965,name match
13399,20964,name match
13414,19533,id number match
13415,19531,id number match
13418,19609,id number match
13421,17622,id number match
13425,19509,name match
13426,19508,name match
13427,19629,name match
13428,19630,name match
13429,9524,name match
13431,16086,name match
13433,20419,name match
13435,20050,"name match,id number match"
13436,20420,name match
13446,21265,name match
13447,21266,"name match,id number match"
13448,19850,name match
13449,19891,"name match,id number match"
13450,20959,name match
13452,21165,name match
13458,20900,"name match,id number match"
13459,21144,name match
13467,21143,"name match,id number match"
13471,19791,id number match
13474,20604,id number match
13476,21748,id number match
13479,20601,id number match
13482,21735,id number match
13484,20580,name match
13485,20603,name match
13486,20572,name match
13490,21643,"name match,id number match"
13493,20942,name match
13494,20941,name match
13495,20949,name match
13508,21959,name match
13511,21363,name match
13518,21388,name match
13521,23545,name match
13522,23546,name match
13527,21747,id number match
13528,21749,id number match
13530,21736,id number match
13531,21744,id number match
13532,21733,id number match
13534,21746,id number match
13535,21734,id number match
13537,20569,name match
13538,20578,name match
13539,21732,name match
13542,20123,name match
13548,22284,name match
13551,19613,name match
13558,23558,name match
13560,23014,id number match
13562,23016,id number match
13564,22990,id number match
13566,22997,id number match
13567,22987,id number match
13569,23011,id number match
13570,22993,id number match
13571,22988,id number match
13580,22747,name match
13581,17810,name match
13582,22751,name match
13583,17808,name match
13584,22183,name match
13585,22750,name match
13586,24424,name match
13588,20604,"name match,id number match"
13604,23643,name match
13605,23644,name match
13615,22863,name match
13617,22464,name match
13618,23924,name match
13619,23923,name match
13625,23823,id number match
13626,23763,name match
13627,23705,name match
13628,23725,name match
13629,23706,name match
13630,23777,name match
13632,23707,name match
13633,23708,name match
13634,23711,name match
13637,23714,name match
13638,23785,name match
13639,23724,name match
13640,23715,name match
13641,23717,name match
13642,23824,name match
13645,23775,name match
13646,23787,name match
13647,23726,name match
13648,23730,name match
13649,23732,name match
13650,23733,name match
13651,23734,name match
13652,23735,name match
13653,23736,name match
13654,23737,name match
13655,23738,name match
13656,23729,name match
13657,23727,name match
13658,23744,name match
13659,23740,name match
13660,23739,name match
13661,23728,name match
13673,24314,id number match
13675,24311,id number match
13677,24423,"name match,id number match"
13678,23703,"name match,id number match"
13680,22753,name match
13681,24808,name match
13682,23278,name match
13683,22752,name match
13684,27223,name match
13686,27224,name match
13687,25077,name match
13688,22748,name match
13689,24810,name match
13690,23126,name match
13691,12884,name match
13692,24809,name match
13695,23127,id number match
13698,22903,name match
13699,18547,id number match
13701,20029,name match
13711,24957,id number match
13714,21731,name match
13719,26094,name match
13720,26095,name match
13735,24807,name match
13744,26170,name match
13747,21331,name match
13748,21330,name match
13751,26171,name match
13755,26886,name match
13760,29026,name match
13763,29027,id number match
13764,29048,name match
13765,26894,name match
13766,29043,name match
13789,27000,name match
13790,26990,name match
13791,27863,name match
13792,27041,"name match,id number match"
13793,27724,"name match,id number match"
13795,27042,"name match,id number match"
13796,27043,id number match
13797,27040,"name match,id number match"
13799,27583,name match
13800,27156,name match
13801,27155,"name match,id number match"
13802,27153,"name match,id number match"
13803,27154,"name match,id number match"
13804,4697,name match
13805,28351,name match
13806,28352,name match
13810,28350,name match
13817,26889,name match
13818,30229,name match
13821,29045,name match
13830,21405,name match
13834,27484,"name match,id number match"
13835,26925,"name match,id number match"
13836,24704,id number match
13838,28524,"name match,id number match"
13839,28526,"name match,id number match"
13840,28717,name match
13841,27687,name match
13845,22247,name match
13846,23130,name match
13849,28308,"name match,id number match"
13850,28312,name match
13851,28307,"name match,id number match"
13852,16394,name match
13853,19099,name match
13854,15893,name match
13855,26088,id number match
13856,23253,name match
13857,26085,"name match,id number match"
13859,16396,name match
13861,26081,id number match
13862,15881,name match
13863,26079,"name match,id number match"
13864,15892,name match
13865,16393,name match
13866,26083,id number match
13867,21186,name match
13868,19268,name match
13869,26090,id number match
13870,15888,name match
13871,26084,id number match
13872,17547,name match
13875,17546,name match
13877,16431,name match
13882,26082,id number match
13883,15894,name match
13885,26077,id number match
13886,15885,name match
13887,15897,name match
13891,26089,id number match
13892,26080,id number match
13893,26087,id number match
13894,31162,name match
13895,26093,id number match
13897,27225,name match
13898,27226,name match
13905,26179,id number match
13906,26173,id number match
13907,26177,"name match,id number match"
13908,26178,id number match
13926,28184,name match
13936,29663,name match
13967,20883,id number match
13968,21171,name match
13969,31122,name match
13970,31123,name match
13971,16934,name match
13972,31126,name match
13973,31125,name match
13974,31124,name match
14005,23305,name match
14008,26388,name match
14009,26416,name match
14052,28564,name match
14053,28563,"name match,id number match"
14054,9443,"name match,id number match"
14056,31129,name match
14057,31474,name match
14058,31131,name match
14059,31133,name match
14060,31172,name match
14061,31137,name match
14062,31171,name match
14063,31134,name match
14065,23383,name match
14066,30426,name match
14067,18007,name match
14068,24902,id number match
14072,29462,name match
6894,7329,"name match,id number match"
6911,23634,name match
6925,6925,name match
6927,7150,id number match
6932,6950,name match
6935,4688,name match
6961,7321,name match
6962,7209,"name match,id number match"
6963,4690,name match
6968,6912,name match
6972,6911,name match
6974,6948,id number match
6991,7199,name match
6991,10932,name match
6995,7006,name match
6995,11744,name match
6997,6941,"name match,id number match"
6998,7148,name match
7008,6919,name match
7015,6920,name match
7016,2676,id number match
7021,7472,name match
7024,7203,id number match
7029,6935,name match
7031,6896,name match
7059,7264,name match
7091,7208,id number match
7092,7251,id number match
7098,7265,id number match
7099,6945,name match
7105,7253,name match
7124,7266,name match
7128,7207,id number match
7131,7267,name match
7149,7324,name match
7156,7328,name match
7199,6725,name match
7205,6900,name match
7210,7149,name match
7210,10923,name match
7212,6936,name match
7220,7255,id number match
7249,6898,name match
7255,7257,id number match
7407,6937,name match
7478,6931,"name match,id number match"
7517,7138,name match
7574,7885,name match
7578,7870,name match
7579,7860,name match
7580,7848,name match
7582,7862,name match
7583,7890,name match
7584,7847,name match
7585,7888,name match
7586,7896,name match
7587,7884,name match
7589,7850,name match
7590,7872,name match
7591,7856,name match
7592,7874,"name match,id number match"
7594,7883,name match
7598,7893,name match
7599,7886,name match
7600,7876,name match
7602,7881,name match
7603,7867,name match
7604,7887,name match
7605,7889,name match
7606,7858,name match
7607,7865,name match
7608,7880,name match
7609,7854,name match
7610,7878,name match
7611,7879,name match
7612,7843,name match
7613,7844,name match
7614,7845,name match
7617,7866,name match
7618,7894,name match
7619,7846,name match
7620,7853,name match
7621,7855,name match
7622,7859,name match
7623,7863,name match
7624,7864,name match
7625,7868,name match
7626,7849,name match
7627,7857,name match
7628,7851,name match
7795,7828,id number match
7797,7831,name match
7798,7832,id number match
7808,7835,id number match
7818,8405,name match
7834,7928,name match
7838,7927,name match
7840,7924,name match
7842,7921,name match
7843,7925,name match
7848,7936,name match
7860,7944,name match
7865,8094,name match
7868,8098,name match
7874,8091,id number match
7876,8103,id number match
7878,8096,id number match
7879,8093,id number match
7881,8084,name match
7886,7913,name match
7887,7914,name match
7890,8104,name match
7997,8087,name match
8008,8175,id number match
8245,8184,name match
8246,8185,name match
8247,8187,name match
8248,8186,name match
8249,8188,name match
8250,8189,name match
8251,8190,name match
8252,8191,name match
8253,8192,name match
8254,8193,name match
8255,8194,name match
8256,8195,name match
8257,8196,name match
8258,8197,name match
8259,8198,name match
8276,8210,name match
8282,8213,name match
8283,8214,name match
8352,8220,name match
8360,8225,name match
8384,8231,name match
8425,8264,name match
8425,11743,name match
8523,8860,id number match
8531,7638,name match
8635,8885,name match
8652,9334,name match
8681,8883,name match
8683,9357,"name match,id number match"
8685,9358,"name match,id number match"
8693,9329,"name match,id number match"
8694,9330,"name match,id number match"
8695,9331,name match
8696,9332,"name match,id number match"
8697,9353,name match
8698,9354,name match
8703,7946,name match
8708,10033,name match
8709,11977,name match
8710,10035,name match
8713,10036,name match
8714,11387,name match
8735,11975,name match
8738,11974,name match
8781,9588,name match
8787,9585,name match
8788,9584,name match
8831,9614,name match
8832,9615,name match
8833,9616,name match
8834,9617,name match
8904,9769,name match
8970,10007,name match
8983,10114,"name match,id number match"
8988,10371,name match
8990,10863,name match
9002,10584,"name match,id number match"
9003,10582,"name match,id number match"
9004,10583,"name match,id number match"
9005,10581,"name match,id number match"
9006,10860,name match
9038,10887,name match
9044,9763,name match
9045,9764,name match
9049,15570,name match
9050,10861,"name match,id number match"
9053,10856,"name match,id number match"
9054,10857,"name match,id number match"
9055,10609,"name match,id number match"
9057,10479,name match
9058,10480,name match
9061,10483,name match
9062,10481,"name match,id number match"
9065,10325,name match
9068,10143,name match
9157,10612,name match
9215,10689,id number match
9216,10690,"name match,id number match"
9217,10691,"name match,id number match"
9218,10692,"name match,id number match"
9225,10010,id number match
9226,10011,id number match
